{
    "name": "game",
    "version": "0.0.1",
    "description": "",
    "dependencies": {
        "device": "*"
    },
    "files": [
        "main.blocks",
        "main.ts",
        "README.md",
        "assets.json"
    ],
    "testFiles": [
        "test.ts"
    ],
    "targetVersions": {
        "branch": "v1.6.24",
        "tag": "v1.6.24",
        "commits": "https://github.com/microsoft/pxt-arcade/commits/5bea1575ea693e0648a647cbd86cda9776d58f48",
        "target": "1.6.24",
        "pxt": "7.2.25",
        "targetId": "arcade"
    },
    "supportedTargets": [
        "arcade"
    ],
    "preferredEditor": "blocksprj"
}
